{
  "employees": [
    {
      "id": "831",
      "name": "Amaila prasadini jayamanne",
      "code": "1030",
      "jobTitle": "Assistant Manager Of Finance ",
      "salaryProfile": "Management",
      "expectedLeavingDate": "08/11/2020",
      "expectedRejoiningDate": "09/11/2020",
      "joiningDate": "01/10/2019",
      "address": "Hotel Indigo Dubai DownTown",
      "actualLeave": "08/11/2020",
      "stLeaveType": "annual leave with payroll",
      "requestType": "request_action_taken"
    },
    {
      "id": "747",
      "name": "Laura Anne Eggleton",
      "code": "1001",
      "jobTitle": "General Manager",
      "salaryProfile": "General Manage",
      "expectedLeavingDate": "02/11/2020",
      "expectedRejoiningDate": "03/11/2020",
      "joiningDate": "01/01/2020",
      "address": "Hotel Indigo Dubai DownTown",
      "actualLeave": "",
      "stLeaveType": "Annual Leave With Payroll",
      "requestType": "request_action_taken"
    },
    {
      "id": "741",
      "name": "Neetu Shamlal Sajnani Shamlal Gobindram Sajnani",
      "code": "1006",
      "jobTitle": "Director of Finance & Business",
      "salaryProfile": "Executive Comm",
      "expectedLeavingDate": "02/02/2021",
      "expectedRejoiningDate": "03/02/2021",
      "joiningDate": "01/10/2018",
      "address": "Hotel Indigo Dubai DownTown",
      "actualLeave": "",
      "stLeaveType": "Annual Leave With Payroll",
      "requestType": "request_initial"
    },
    {
      "id": "688",
      "name": "Amaila Udana Karunaratne",
      "code": "1009",
      "jobTitle": "Technology Manger ",
      "salaryProfile": "HOD",
      "expectedLeavingDate": "27/10/2020",
      "expectedRejoiningDate": "28/10/2020",
      "joiningDate": "01/11/2019",
      "address": "Hotel Indigo Dubai DownTown",
      "actualLeave": "",
      "stLeaveType": "Sick Leave",
      "requestType": "request_under_approval"
    },
    {
      "id": "681",
      "name": "Amaila Udana Karunaratne",
      "code": "1009",
      "jobTitle": "Technology Manger ",
      "salaryProfile": "HOD",
      "expectedLeavingDate": "17/11/2020",
      "expectedRejoiningDate": "18/11/2020",
      "joiningDate": "01/12/2018",
      "address": "Hotel Indigo Dubai DownTown",
      "actualLeave": "",
      "stLeaveType": "Sick Leave",
      "requestType": "request_initial"
    },
    {
      "id": "676",
      "name": "Amaila Udana Karunaratne",
      "code": "1009",
      "jobTitle": "Technology Manger ",
      "salaryProfile": "HOD",
      "expectedLeavingDate": "04/11/2020",
      "expectedRejoiningDate": "05/11/2020",
      "joiningDate": "01/10/2019",
      "address": "Hotel Indigo Dubai DownTown",
      "actualLeave": "",
      "stLeaveType": "Annual Leave With Payroll",
      "requestType": "request_finial_level_approval"
    },
    {
      "id": "674",
      "name": "Amaila Udana Karunaratne",
      "code": "1009",
      "jobTitle": "Technology Manger ",
      "salaryProfile": "HOD",
      "expectedLeavingDate": "14/10/2020",
      "expectedRejoiningDate": "15/10/2020",
      "joiningDate": "01/07/2018",
      "address": "Hotel Indigo Dubai DownTown",
      "actualLeave": "14/10/2020",
      "stLeaveType": "Annual Leave With Payroll",
      "requestType": "request_action_taken"
    },
    {
      "id": "667",
      "name": "Laura Anne Eggleton",
      "code": "1001",
      "jobTitle": "General Manager",
      "salaryProfile": "General Manage",
      "expectedLeavingDate": "27/10/2020",
      "expectedRejoiningDate": "01/11/2020",
      "joiningDate": "01/07/2018",
      "address": "Hotel Indigo Dubai DownTown",
      "actualLeave": "27/10/2020",
      "stLeaveType": "Annual Leave With Payroll",
      "requestType": "request_initial"
    },
    {
      "id": "747",
      "name": "Laura Anne Eggleton",
      "code": "1001",
      "jobTitle": "General Manager",
      "salaryProfile": "General Manage",
      "expectedLeavingDate": "02/11/2020",
      "expectedRejoiningDate": "03/11/2020",
      "joiningDate": "01/01/2020",
      "address": "Hotel Indigo Dubai DownTown",
      "actualLeave": "",
      "stLeaveType": "Annual Leave With Payroll",
      "requestType": "request_action_taken"
    },
    {
      "id": "741",
      "name": "Neetu Shamlal Sajnani Shamlal Gobindram Sajnani",
      "code": "1006",
      "jobTitle": "Director of Finance & Business",
      "salaryProfile": "Executive Comm",
      "expectedLeavingDate": "02/02/2021",
      "expectedRejoiningDate": "03/02/2021",
      "joiningDate": "01/10/2018",
      "address": "Hotel Indigo Dubai DownTown",
      "actualLeave": "",
      "stLeaveType": "Annual Leave With Payroll",
      "requestType": "request_initial"
    },
    {
      "id": "688",
      "name": "Amaila Udana Karunaratne",
      "code": "1009",
      "jobTitle": "Technology Manger ",
      "salaryProfile": "HOD",
      "expectedLeavingDate": "27/10/2020",
      "expectedRejoiningDate": "28/10/2020",
      "joiningDate": "01/11/2019",
      "address": "Hotel Indigo Dubai DownTown",
      "actualLeave": "",
      "stLeaveType": "Sick Leave",
      "requestType": "request_under_approval"
    },
    {
      "id": "681",
      "name": "Amaila Udana Karunaratne",
      "code": "1009",
      "jobTitle": "Technology Manger ",
      "salaryProfile": "HOD",
      "expectedLeavingDate": "17/11/2020",
      "expectedRejoiningDate": "18/11/2020",
      "joiningDate": "01/12/2018",
      "address": "Hotel Indigo Dubai DownTown",
      "actualLeave": "",
      "stLeaveType": "Sick Leave",
      "requestType": "request_initial"
    },
    {
      "id": "676",
      "name": "Amaila Udana Karunaratne",
      "code": "1009",
      "jobTitle": "Technology Manger ",
      "salaryProfile": "HOD",
      "expectedLeavingDate": "04/11/2020",
      "expectedRejoiningDate": "05/11/2020",
      "joiningDate": "01/10/2019",
      "address": "Hotel Indigo Dubai DownTown",
      "actualLeave": "",
      "stLeaveType": "Annual Leave With Payroll",
      "requestType": "request_finial_level_approval"
    },
    {
      "id": "741",
      "name": "Neetu Shamlal Sajnani Shamlal Gobindram Sajnani",
      "code": "1006",
      "jobTitle": "Director of Finance & Business",
      "salaryProfile": "Executive Comm",
      "expectedLeavingDate": "02/02/2021",
      "expectedRejoiningDate": "03/02/2021",
      "joiningDate": "01/10/2018",
      "address": "Hotel Indigo Dubai DownTown",
      "actualLeave": "",
      "stLeaveType": "Annual Leave With Payroll",
      "requestType": "request_initial"
    },
    {
      "id": "688",
      "name": "Amaila Udana Karunaratne",
      "code": "1009",
      "jobTitle": "Technology Manger ",
      "salaryProfile": "HOD",
      "expectedLeavingDate": "27/10/2020",
      "expectedRejoiningDate": "28/10/2020",
      "joiningDate": "01/11/2019",
      "address": "Hotel Indigo Dubai DownTown",
      "actualLeave": "",
      "stLeaveType": "Sick Leave",
      "requestType": "request_under_approval"
    },
    {
      "id": "681",
      "name": "Amaila Udana Karunaratne",
      "code": "1009",
      "jobTitle": "Technology Manger ",
      "salaryProfile": "HOD",
      "expectedLeavingDate": "17/11/2020",
      "expectedRejoiningDate": "18/11/2020",
      "joiningDate": "01/12/2018",
      "address": "Hotel Indigo Dubai DownTown",
      "actualLeave": "",
      "stLeaveType": "Sick Leave",
      "requestType": "request_initial"
    },
    {
      "id": "676",
      "name": "Amaila Udana Karunaratne",
      "code": "1009",
      "jobTitle": "Technology Manger ",
      "salaryProfile": "HOD",
      "expectedLeavingDate": "04/11/2020",
      "expectedRejoiningDate": "05/11/2020",
      "joiningDate": "01/10/2019",
      "address": "Hotel Indigo Dubai DownTown",
      "actualLeave": "",
      "stLeaveType": "Annual Leave With Payroll",
      "requestType": "request_finial_level_approval"
    }
  ]
}